日期,序号,类型(充/放),起始小时,结束小时,持续小时数,是否被阈值过滤,合并到窗口,是否跨零点合并
2024-12-25,0,充,0,24,7,False,c1,True
2024-12-25,1,放,6,12,6,False,c1,True
2024-12-25,2,充,12,14,2,False,c2,True
2024-12-25,3,放,15,23,8,False,c2,True
2024-12-26,0,充,0,24,7,False,c1,True
2024-12-26,1,放,6,12,6,False,c1,True
2024-12-26,2,充,12,14,2,False,c2,True
2024-12-26,3,放,15,23,8,False,c2,True
2024-12-27,0,充,0,24,7,False,c1,True
2024-12-27,1,放,6,12,6,False,c1,True
2024-12-27,2,充,12,14,2,False,c2,True
2024-12-27,3,放,15,23,8,False,c2,True
2024-12-28,0,充,0,24,7,False,c1,True
2024-12-28,1,放,6,12,6,False,c1,True
2024-12-28,2,充,12,14,2,False,c2,True
2024-12-28,3,放,15,23,8,False,c2,True
2024-12-29,0,充,0,24,7,False,c1,True
2024-12-29,1,放,6,12,6,False,c1,True
2024-12-29,2,充,12,14,2,False,c2,True
2024-12-29,3,放,15,23,8,False,c2,True
2024-12-30,0,充,0,24,7,False,c1,True
2024-12-30,1,放,6,12,6,False,c1,True
2024-12-30,2,充,12,14,2,False,c2,True
2024-12-30,3,放,15,23,8,False,c2,True
2024-12-31,0,充,0,24,7,False,c1,True
2024-12-31,1,放,6,12,6,False,c1,True
2024-12-31,2,充,12,14,2,False,c2,True
2024-12-31,3,放,15,23,8,False,c2,True
2025-01-01,0,充,0,24,7,False,c1,True
2025-01-01,1,放,6,12,6,False,c1,True
2025-01-01,2,充,12,14,2,False,c2,True
2025-01-01,3,放,15,23,8,False,c2,True
2025-01-02,0,充,0,24,7,False,c1,True
2025-01-02,1,放,6,12,6,False,c1,True
2025-01-02,2,充,12,14,2,False,c2,True
2025-01-02,3,放,15,23,8,False,c2,True
2025-01-03,0,充,0,24,7,False,c1,True
2025-01-03,1,放,6,12,6,False,c1,True
2025-01-03,2,充,12,14,2,False,c2,True
2025-01-03,3,放,15,23,8,False,c2,True
2025-01-04,0,充,0,24,7,False,c1,True
2025-01-04,1,放,6,12,6,False,c1,True
2025-01-04,2,充,12,14,2,False,c2,True
2025-01-04,3,放,15,23,8,False,c2,True
2025-01-05,0,充,0,24,7,False,c1,True
2025-01-05,1,放,6,12,6,False,c1,True
2025-01-05,2,充,12,14,2,False,c2,True
2025-01-05,3,放,15,23,8,False,c2,True
2025-01-06,0,充,0,24,7,False,c1,True
2025-01-06,1,放,6,12,6,False,c1,True
2025-01-06,2,充,12,14,2,False,c2,True
2025-01-06,3,放,15,23,8,False,c2,True
2025-01-07,0,充,0,24,7,False,c1,True
2025-01-07,1,放,6,12,6,False,c1,True
2025-01-07,2,充,12,14,2,False,c2,True
2025-01-07,3,放,15,23,8,False,c2,True
2025-01-08,0,充,0,24,7,False,c1,True
2025-01-08,1,放,6,12,6,False,c1,True
2025-01-08,2,充,12,14,2,False,c2,True
2025-01-08,3,放,15,23,8,False,c2,True
2025-01-09,0,充,0,24,7,False,c1,True
2025-01-09,1,放,6,12,6,False,c1,True
2025-01-09,2,充,12,14,2,False,c2,True
2025-01-09,3,放,15,23,8,False,c2,True
2025-01-10,0,充,0,24,7,False,c1,True
2025-01-10,1,放,6,12,6,False,c1,True
2025-01-10,2,充,12,14,2,False,c2,True
2025-01-10,3,放,15,23,8,False,c2,True
2025-01-11,0,充,0,24,7,False,c1,True
2025-01-11,1,放,6,12,6,False,c1,True
2025-01-11,2,充,12,14,2,False,c2,True
2025-01-11,3,放,15,23,8,False,c2,True
2025-01-12,0,充,0,24,7,False,c1,True
2025-01-12,1,放,6,12,6,False,c1,True
2025-01-12,2,充,12,14,2,False,c2,True
2025-01-12,3,放,15,23,8,False,c2,True
2025-01-13,0,充,0,24,7,False,c1,True
2025-01-13,1,放,6,12,6,False,c1,True
2025-01-13,2,充,12,14,2,False,c2,True
2025-01-13,3,放,15,23,8,False,c2,True
2025-01-14,0,充,0,24,7,False,c1,True
2025-01-14,1,放,6,12,6,False,c1,True
2025-01-14,2,充,12,14,2,False,c2,True
2025-01-14,3,放,15,23,8,False,c2,True
2025-01-15,0,充,0,24,7,False,c1,True
2025-01-15,1,放,6,12,6,False,c1,True
2025-01-15,2,充,12,14,2,False,c2,True
2025-01-15,3,放,15,23,8,False,c2,True
2025-01-16,0,充,0,24,7,False,c1,True
2025-01-16,1,放,6,12,6,False,c1,True
2025-01-16,2,充,12,14,2,False,c2,True
2025-01-16,3,放,15,23,8,False,c2,True
2025-01-17,0,充,0,24,7,False,c1,True
2025-01-17,1,放,6,12,6,False,c1,True
2025-01-17,2,充,12,14,2,False,c2,True
2025-01-17,3,放,15,23,8,False,c2,True
2025-01-18,0,充,0,24,7,False,c1,True
2025-01-18,1,放,6,12,6,False,c1,True
2025-01-18,2,充,12,14,2,False,c2,True
2025-01-18,3,放,15,23,8,False,c2,True
2025-01-19,0,充,0,24,7,False,c1,True
2025-01-19,1,放,6,12,6,False,c1,True
2025-01-19,2,充,12,14,2,False,c2,True
2025-01-19,3,放,15,23,8,False,c2,True
2025-01-20,0,充,0,24,7,False,c1,True
2025-01-20,1,放,6,12,6,False,c1,True
2025-01-20,2,充,12,14,2,False,c2,True
2025-01-20,3,放,15,23,8,False,c2,True
2025-01-21,0,充,0,24,7,False,c1,True
2025-01-21,1,放,6,12,6,False,c1,True
2025-01-21,2,充,12,14,2,False,c2,True
2025-01-21,3,放,15,23,8,False,c2,True
2025-01-22,0,充,0,24,7,False,c1,True
2025-01-22,1,放,6,12,6,False,c1,True
2025-01-22,2,充,12,14,2,False,c2,True
2025-01-22,3,放,15,23,8,False,c2,True
2025-01-23,0,充,0,24,7,False,c1,True
2025-01-23,1,放,6,12,6,False,c1,True
2025-01-23,2,充,12,14,2,False,c2,True
2025-01-23,3,放,15,23,8,False,c2,True
2025-01-24,0,充,0,24,7,False,c1,True
2025-01-24,1,放,6,12,6,False,c1,True
2025-01-24,2,充,12,14,2,False,c2,True
2025-01-24,3,放,15,23,8,False,c2,True
2025-01-25,0,充,0,24,7,False,c1,True
2025-01-25,1,放,6,12,6,False,c1,True
2025-01-25,2,充,12,14,2,False,c2,True
2025-01-25,3,放,15,23,8,False,c2,True
2025-01-26,0,充,0,24,7,False,c1,True
2025-01-26,1,放,6,12,6,False,c1,True
2025-01-26,2,充,12,14,2,False,c2,True
2025-01-26,3,放,15,23,8,False,c2,True
2025-01-27,0,充,0,24,7,False,c1,True
2025-01-27,1,放,6,12,6,False,c1,True
2025-01-27,2,充,12,14,2,False,c2,True
2025-01-27,3,放,15,23,8,False,c2,True
2025-01-28,0,充,0,24,7,False,c1,True
2025-01-28,1,放,6,12,6,False,c1,True
2025-01-28,2,充,12,14,2,False,c2,True
2025-01-28,3,放,15,23,8,False,c2,True
2025-01-29,0,充,0,24,7,False,c1,True
2025-01-29,1,放,6,12,6,False,c1,True
2025-01-29,2,充,12,14,2,False,c2,True
2025-01-29,3,放,15,23,8,False,c2,True
2025-01-30,0,充,0,24,7,False,c1,True
2025-01-30,1,放,6,12,6,False,c1,True
2025-01-30,2,充,12,14,2,False,c2,True
2025-01-30,3,放,15,23,8,False,c2,True
2025-01-31,0,充,0,24,7,False,c1,True
2025-01-31,1,放,6,12,6,False,c1,True
2025-01-31,2,充,12,14,2,False,c2,True
2025-01-31,3,放,15,23,8,False,c2,True
2025-02-01,0,充,0,24,7,False,c1,True
2025-02-01,1,放,6,8,2,False,c1,True
2025-02-01,2,充,11,14,3,False,c2,True
2025-02-01,3,放,16,22,6,False,c2,True
2025-02-02,0,充,0,24,7,False,c1,True
2025-02-02,1,放,6,8,2,False,c1,True
2025-02-02,2,充,11,14,3,False,c2,True
2025-02-02,3,放,16,22,6,False,c2,True
2025-02-03,0,充,0,24,7,False,c1,True
2025-02-03,1,放,6,8,2,False,c1,True
2025-02-03,2,充,11,14,3,False,c2,True
2025-02-03,3,放,16,22,6,False,c2,True
2025-02-04,0,充,0,24,7,False,c1,True
2025-02-04,1,放,6,8,2,False,c1,True
2025-02-04,2,充,11,14,3,False,c2,True
2025-02-04,3,放,16,22,6,False,c2,True
2025-02-05,0,充,0,24,7,False,c1,True
2025-02-05,1,放,6,8,2,False,c1,True
2025-02-05,2,充,11,14,3,False,c2,True
2025-02-05,3,放,16,22,6,False,c2,True
2025-02-06,0,充,0,24,7,False,c1,True
2025-02-06,1,放,6,8,2,False,c1,True
2025-02-06,2,充,11,14,3,False,c2,True
2025-02-06,3,放,16,22,6,False,c2,True
2025-02-07,0,充,0,24,7,False,c1,True
2025-02-07,1,放,6,8,2,False,c1,True
2025-02-07,2,充,11,14,3,False,c2,True
2025-02-07,3,放,16,22,6,False,c2,True
2025-02-08,0,充,0,24,7,False,c1,True
2025-02-08,1,放,6,8,2,False,c1,True
2025-02-08,2,充,11,14,3,False,c2,True
2025-02-08,3,放,16,22,6,False,c2,True
2025-02-09,0,充,0,24,7,False,c1,True
2025-02-09,1,放,6,8,2,False,c1,True
2025-02-09,2,充,11,14,3,False,c2,True
2025-02-09,3,放,16,22,6,False,c2,True
2025-02-10,0,充,0,24,7,False,c1,True
2025-02-10,1,放,6,8,2,False,c1,True
2025-02-10,2,充,11,14,3,False,c2,True
2025-02-10,3,放,16,22,6,False,c2,True
2025-02-11,0,充,0,24,7,False,c1,True
2025-02-11,1,放,6,8,2,False,c1,True
2025-02-11,2,充,11,14,3,False,c2,True
2025-02-11,3,放,16,22,6,False,c2,True
2025-02-12,0,充,0,24,7,False,c1,True
2025-02-12,1,放,6,8,2,False,c1,True
2025-02-12,2,充,11,14,3,False,c2,True
2025-02-12,3,放,16,22,6,False,c2,True
2025-02-13,0,充,0,24,7,False,c1,True
2025-02-13,1,放,6,8,2,False,c1,True
2025-02-13,2,充,11,14,3,False,c2,True
2025-02-13,3,放,16,22,6,False,c2,True
2025-02-14,0,充,0,24,7,False,c1,True
2025-02-14,1,放,6,8,2,False,c1,True
2025-02-14,2,充,11,14,3,False,c2,True
2025-02-14,3,放,16,22,6,False,c2,True
2025-02-15,0,充,0,24,7,False,c1,True
2025-02-15,1,放,6,8,2,False,c1,True
2025-02-15,2,充,11,14,3,False,c2,True
2025-02-15,3,放,16,22,6,False,c2,True
2025-02-16,0,充,0,24,7,False,c1,True
2025-02-16,1,放,6,8,2,False,c1,True
2025-02-16,2,充,11,14,3,False,c2,True
2025-02-16,3,放,16,22,6,False,c2,True
2025-02-17,0,充,0,24,7,False,c1,True
2025-02-17,1,放,6,8,2,False,c1,True
2025-02-17,2,充,11,14,3,False,c2,True
2025-02-17,3,放,16,22,6,False,c2,True
2025-02-18,0,充,0,24,7,False,c1,True
2025-02-18,1,放,6,8,2,False,c1,True
2025-02-18,2,充,11,14,3,False,c2,True
2025-02-18,3,放,16,22,6,False,c2,True
2025-02-19,0,充,0,24,7,False,c1,True
2025-02-19,1,放,6,8,2,False,c1,True
2025-02-19,2,充,11,14,3,False,c2,True
2025-02-19,3,放,16,22,6,False,c2,True
2025-02-20,0,充,0,24,7,False,c1,True
2025-02-20,1,放,6,8,2,False,c1,True
2025-02-20,2,充,11,14,3,False,c2,True
2025-02-20,3,放,16,22,6,False,c2,True
2025-02-21,0,充,0,24,7,False,c1,True
2025-02-21,1,放,6,8,2,False,c1,True
2025-02-21,2,充,11,14,3,False,c2,True
2025-02-21,3,放,16,22,6,False,c2,True
2025-02-22,0,充,0,24,7,False,c1,True
2025-02-22,1,放,6,8,2,False,c1,True
2025-02-22,2,充,11,14,3,False,c2,True
2025-02-22,3,放,16,22,6,False,c2,True
2025-02-23,0,充,0,24,7,False,c1,True
2025-02-23,1,放,6,8,2,False,c1,True
2025-02-23,2,充,11,14,3,False,c2,True
2025-02-23,3,放,16,22,6,False,c2,True
2025-02-24,0,充,0,24,7,False,c1,True
2025-02-24,1,放,6,8,2,False,c1,True
2025-02-24,2,充,11,14,3,False,c2,True
2025-02-24,3,放,16,22,6,False,c2,True
2025-02-25,0,充,0,24,7,False,c1,True
2025-02-25,1,放,6,8,2,False,c1,True
2025-02-25,2,充,11,14,3,False,c2,True
2025-02-25,3,放,16,22,6,False,c2,True
2025-02-26,0,充,0,24,7,False,c1,True
2025-02-26,1,放,6,8,2,False,c1,True
2025-02-26,2,充,11,14,3,False,c2,True
2025-02-26,3,放,16,22,6,False,c2,True
2025-02-27,0,充,0,24,7,False,c1,True
2025-02-27,1,放,6,8,2,False,c1,True
2025-02-27,2,充,11,14,3,False,c2,True
2025-02-27,3,放,16,22,6,False,c2,True
2025-02-28,0,充,0,24,7,False,c1,True
2025-02-28,1,放,6,8,2,False,c1,True
2025-02-28,2,充,11,14,3,False,c2,True
2025-02-28,3,放,16,22,6,False,c2,True
2025-03-01,0,充,0,24,7,False,c1,True
2025-03-01,1,放,6,8,2,False,c1,True
2025-03-01,2,充,11,14,3,False,c2,True
2025-03-01,3,放,16,22,6,False,c2,True
2025-03-02,0,充,0,24,7,False,c1,True
2025-03-02,1,放,6,8,2,False,c1,True
2025-03-02,2,充,11,14,3,False,c2,True
2025-03-02,3,放,16,22,6,False,c2,True
2025-03-03,0,充,0,24,7,False,c1,True
2025-03-03,1,放,6,8,2,False,c1,True
2025-03-03,2,充,11,14,3,False,c2,True
2025-03-03,3,放,16,22,6,False,c2,True
2025-03-04,0,充,0,24,7,False,c1,True
2025-03-04,1,放,6,8,2,False,c1,True
2025-03-04,2,充,11,14,3,False,c2,True
2025-03-04,3,放,16,22,6,False,c2,True
2025-03-05,0,充,0,24,7,False,c1,True
2025-03-05,1,放,6,8,2,False,c1,True
2025-03-05,2,充,11,14,3,False,c2,True
2025-03-05,3,放,16,22,6,False,c2,True
2025-03-06,0,充,0,24,7,False,c1,True
2025-03-06,1,放,6,8,2,False,c1,True
2025-03-06,2,充,11,14,3,False,c2,True
2025-03-06,3,放,16,22,6,False,c2,True
2025-03-07,0,充,0,24,7,False,c1,True
2025-03-07,1,放,6,8,2,False,c1,True
2025-03-07,2,充,11,14,3,False,c2,True
2025-03-07,3,放,16,22,6,False,c2,True
2025-03-08,0,充,0,24,7,False,c1,True
2025-03-08,1,放,6,8,2,False,c1,True
2025-03-08,2,充,11,14,3,False,c2,True
2025-03-08,3,放,16,22,6,False,c2,True
2025-03-09,0,充,0,24,7,False,c1,True
2025-03-09,1,放,6,8,2,False,c1,True
2025-03-09,2,充,11,14,3,False,c2,True
2025-03-09,3,放,16,22,6,False,c2,True
2025-03-10,0,充,0,24,7,False,c1,True
2025-03-10,1,放,6,8,2,False,c1,True
2025-03-10,2,充,11,14,3,False,c2,True
2025-03-10,3,放,16,22,6,False,c2,True
2025-03-11,0,充,0,24,7,False,c1,True
2025-03-11,1,放,6,8,2,False,c1,True
2025-03-11,2,充,11,14,3,False,c2,True
2025-03-11,3,放,16,22,6,False,c2,True
2025-03-12,0,充,0,24,7,False,c1,True
2025-03-12,1,放,6,8,2,False,c1,True
2025-03-12,2,充,11,14,3,False,c2,True
2025-03-12,3,放,16,22,6,False,c2,True
2025-03-13,0,充,0,24,7,False,c1,True
2025-03-13,1,放,6,8,2,False,c1,True
2025-03-13,2,充,11,14,3,False,c2,True
2025-03-13,3,放,16,22,6,False,c2,True
2025-03-14,0,充,0,24,7,False,c1,True
2025-03-14,1,放,6,8,2,False,c1,True
2025-03-14,2,充,11,14,3,False,c2,True
2025-03-14,3,放,16,22,6,False,c2,True
2025-03-15,0,充,0,24,7,False,c1,True
2025-03-15,1,放,6,8,2,False,c1,True
2025-03-15,2,充,11,14,3,False,c2,True
2025-03-15,3,放,16,22,6,False,c2,True
2025-03-16,0,充,0,24,7,False,c1,True
2025-03-16,1,放,6,8,2,False,c1,True
2025-03-16,2,充,11,14,3,False,c2,True
2025-03-16,3,放,16,22,6,False,c2,True
2025-03-17,0,充,0,24,7,False,c1,True
2025-03-17,1,放,6,8,2,False,c1,True
2025-03-17,2,充,11,14,3,False,c2,True
2025-03-17,3,放,16,22,6,False,c2,True
2025-03-18,0,充,0,24,7,False,c1,True
2025-03-18,1,放,6,8,2,False,c1,True
2025-03-18,2,充,11,14,3,False,c2,True
2025-03-18,3,放,16,22,6,False,c2,True
2025-03-19,0,充,0,24,7,False,c1,True
2025-03-19,1,放,6,8,2,False,c1,True
2025-03-19,2,充,11,14,3,False,c2,True
2025-03-19,3,放,16,22,6,False,c2,True
2025-03-20,0,充,0,24,7,False,c1,True
2025-03-20,1,放,6,8,2,False,c1,True
2025-03-20,2,充,11,14,3,False,c2,True
2025-03-20,3,放,16,22,6,False,c2,True
2025-03-21,0,充,0,24,7,False,c1,True
2025-03-21,1,放,6,8,2,False,c1,True
2025-03-21,2,充,11,14,3,False,c2,True
2025-03-21,3,放,16,22,6,False,c2,True
2025-03-22,0,充,0,24,7,False,c1,True
2025-03-22,1,放,6,8,2,False,c1,True
2025-03-22,2,充,11,14,3,False,c2,True
2025-03-22,3,放,16,22,6,False,c2,True
2025-03-23,0,充,0,24,7,False,c1,True
2025-03-23,1,放,6,8,2,False,c1,True
2025-03-23,2,充,11,14,3,False,c2,True
2025-03-23,3,放,16,22,6,False,c2,True
2025-03-24,0,充,0,24,7,False,c1,True
2025-03-24,1,放,6,8,2,False,c1,True
2025-03-24,2,充,11,14,3,False,c2,True
2025-03-24,3,放,16,22,6,False,c2,True
2025-03-25,0,充,0,24,7,False,c1,True
2025-03-25,1,放,6,8,2,False,c1,True
2025-03-25,2,充,11,14,3,False,c2,True
2025-03-25,3,放,16,22,6,False,c2,True
2025-03-26,0,充,0,24,7,False,c1,True
2025-03-26,1,放,6,8,2,False,c1,True
2025-03-26,2,充,11,14,3,False,c2,True
2025-03-26,3,放,16,22,6,False,c2,True
2025-03-27,0,充,0,24,7,False,c1,True
2025-03-27,1,放,6,8,2,False,c1,True
2025-03-27,2,充,11,14,3,False,c2,True
2025-03-27,3,放,16,22,6,False,c2,True
2025-03-28,0,充,0,24,7,False,c1,True
2025-03-28,1,放,6,8,2,False,c1,True
2025-03-28,2,充,11,14,3,False,c2,True
2025-03-28,3,放,16,22,6,False,c2,True
2025-03-29,0,充,0,24,7,False,c1,True
2025-03-29,1,放,6,8,2,False,c1,True
2025-03-29,2,充,11,14,3,False,c2,True
2025-03-29,3,放,16,22,6,False,c2,True
2025-03-30,0,充,0,24,7,False,c1,True
2025-03-30,1,放,6,8,2,False,c1,True
2025-03-30,2,充,11,14,3,False,c2,True
2025-03-30,3,放,16,22,6,False,c2,True
2025-03-31,0,充,0,24,7,False,c1,True
2025-03-31,1,放,6,8,2,False,c1,True
2025-03-31,2,充,11,14,3,False,c2,True
2025-03-31,3,放,16,22,6,False,c2,True
2025-04-01,0,充,0,24,7,False,c1,True
2025-04-01,1,放,6,8,2,False,c1,True
2025-04-01,2,充,11,14,3,False,c2,True
2025-04-01,3,放,16,22,6,False,c2,True
2025-04-02,0,充,0,24,7,False,c1,True
2025-04-02,1,放,6,8,2,False,c1,True
2025-04-02,2,充,11,14,3,False,c2,True
2025-04-02,3,放,16,22,6,False,c2,True
2025-04-03,0,充,0,24,7,False,c1,True
2025-04-03,1,放,6,8,2,False,c1,True
2025-04-03,2,充,11,14,3,False,c2,True
2025-04-03,3,放,16,22,6,False,c2,True
2025-04-04,0,充,0,24,7,False,c1,True
2025-04-04,1,放,6,8,2,False,c1,True
2025-04-04,2,充,11,14,3,False,c2,True
2025-04-04,3,放,16,22,6,False,c2,True
2025-04-05,0,充,0,24,7,False,c1,True
2025-04-05,1,放,6,8,2,False,c1,True
2025-04-05,2,充,11,14,3,False,c2,True
2025-04-05,3,放,16,22,6,False,c2,True
2025-04-06,0,充,0,24,7,False,c1,True
2025-04-06,1,放,6,8,2,False,c1,True
2025-04-06,2,充,11,14,3,False,c2,True
2025-04-06,3,放,16,22,6,False,c2,True
2025-04-07,0,充,0,24,7,False,c1,True
2025-04-07,1,放,6,8,2,False,c1,True
2025-04-07,2,充,11,14,3,False,c2,True
2025-04-07,3,放,16,22,6,False,c2,True
2025-04-08,0,充,0,24,7,False,c1,True
2025-04-08,1,放,6,8,2,False,c1,True
2025-04-08,2,充,11,14,3,False,c2,True
2025-04-08,3,放,16,22,6,False,c2,True
2025-04-09,0,充,0,24,7,False,c1,True
2025-04-09,1,放,6,8,2,False,c1,True
2025-04-09,2,充,11,14,3,False,c2,True
2025-04-09,3,放,16,22,6,False,c2,True
2025-04-10,0,充,0,24,7,False,c1,True
2025-04-10,1,放,6,8,2,False,c1,True
2025-04-10,2,充,11,14,3,False,c2,True
2025-04-10,3,放,16,22,6,False,c2,True
2025-04-11,0,充,0,24,7,False,c1,True
2025-04-11,1,放,6,8,2,False,c1,True
2025-04-11,2,充,11,14,3,False,c2,True
2025-04-11,3,放,16,22,6,False,c2,True
2025-04-12,0,充,0,24,7,False,c1,True
2025-04-12,1,放,6,8,2,False,c1,True
2025-04-12,2,充,11,14,3,False,c2,True
2025-04-12,3,放,16,22,6,False,c2,True
2025-04-13,0,充,0,24,7,False,c1,True
2025-04-13,1,放,6,8,2,False,c1,True
2025-04-13,2,充,11,14,3,False,c2,True
2025-04-13,3,放,16,22,6,False,c2,True
2025-04-14,0,充,0,24,7,False,c1,True
2025-04-14,1,放,6,8,2,False,c1,True
2025-04-14,2,充,11,14,3,False,c2,True
2025-04-14,3,放,16,22,6,False,c2,True
2025-04-15,0,充,0,24,7,False,c1,True
2025-04-15,1,放,6,8,2,False,c1,True
2025-04-15,2,充,11,14,3,False,c2,True
2025-04-15,3,放,16,22,6,False,c2,True
2025-04-16,0,充,0,24,7,False,c1,True
2025-04-16,1,放,6,8,2,False,c1,True
2025-04-16,2,充,11,14,3,False,c2,True
2025-04-16,3,放,16,22,6,False,c2,True
2025-04-17,0,充,0,24,7,False,c1,True
2025-04-17,1,放,6,8,2,False,c1,True
2025-04-17,2,充,11,14,3,False,c2,True
2025-04-17,3,放,16,22,6,False,c2,True
2025-04-18,0,充,0,24,7,False,c1,True
2025-04-18,1,放,6,8,2,False,c1,True
2025-04-18,2,充,11,14,3,False,c2,True
2025-04-18,3,放,16,22,6,False,c2,True
2025-04-19,0,充,0,24,7,False,c1,True
2025-04-19,1,放,6,8,2,False,c1,True
2025-04-19,2,充,11,14,3,False,c2,True
2025-04-19,3,放,16,22,6,False,c2,True
2025-04-20,0,充,0,24,7,False,c1,True
2025-04-20,1,放,6,8,2,False,c1,True
2025-04-20,2,充,11,14,3,False,c2,True
2025-04-20,3,放,16,22,6,False,c2,True
2025-04-21,0,充,0,24,7,False,c1,True
2025-04-21,1,放,6,8,2,False,c1,True
2025-04-21,2,充,11,14,3,False,c2,True
2025-04-21,3,放,16,22,6,False,c2,True
2025-04-22,0,充,0,24,7,False,c1,True
2025-04-22,1,放,6,8,2,False,c1,True
2025-04-22,2,充,11,14,3,False,c2,True
2025-04-22,3,放,16,22,6,False,c2,True
2025-04-23,0,充,0,24,7,False,c1,True
2025-04-23,1,放,6,8,2,False,c1,True
2025-04-23,2,充,11,14,3,False,c2,True
2025-04-23,3,放,16,22,6,False,c2,True
2025-04-24,0,充,0,24,7,False,c1,True
2025-04-24,1,放,6,8,2,False,c1,True
2025-04-24,2,充,11,14,3,False,c2,True
2025-04-24,3,放,16,22,6,False,c2,True
2025-04-25,0,充,0,24,7,False,c1,True
2025-04-25,1,放,6,8,2,False,c1,True
2025-04-25,2,充,11,14,3,False,c2,True
2025-04-25,3,放,16,22,6,False,c2,True
2025-04-26,0,充,0,24,7,False,c1,True
2025-04-26,1,放,6,8,2,False,c1,True
2025-04-26,2,充,11,14,3,False,c2,True
2025-04-26,3,放,16,22,6,False,c2,True
2025-04-27,0,充,0,24,7,False,c1,True
2025-04-27,1,放,6,8,2,False,c1,True
2025-04-27,2,充,11,14,3,False,c2,True
2025-04-27,3,放,16,22,6,False,c2,True
2025-04-28,0,充,0,24,7,False,c1,True
2025-04-28,1,放,6,8,2,False,c1,True
2025-04-28,2,充,11,14,3,False,c2,True
2025-04-28,3,放,16,22,6,False,c2,True
2025-04-29,0,充,0,24,7,False,c1,True
2025-04-29,1,放,6,8,2,False,c1,True
2025-04-29,2,充,11,14,3,False,c2,True
2025-04-29,3,放,16,22,6,False,c2,True
2025-04-30,0,充,0,24,7,False,c1,True
2025-04-30,1,放,6,8,2,False,c1,True
2025-04-30,2,充,11,14,3,False,c2,True
2025-04-30,3,放,16,22,6,False,c2,True
2025-05-01,0,充,0,24,7,False,c1,True
2025-05-01,1,放,6,8,2,False,c1,True
2025-05-01,2,充,11,14,3,False,c2,True
2025-05-01,3,放,16,22,6,False,c2,True
2025-05-02,0,充,0,24,7,False,c1,True
2025-05-02,1,放,6,8,2,False,c1,True
2025-05-02,2,充,11,14,3,False,c2,True
2025-05-02,3,放,16,22,6,False,c2,True
2025-05-03,0,充,0,24,7,False,c1,True
2025-05-03,1,放,6,8,2,False,c1,True
2025-05-03,2,充,11,14,3,False,c2,True
2025-05-03,3,放,16,22,6,False,c2,True
2025-05-04,0,充,0,24,7,False,c1,True
2025-05-04,1,放,6,8,2,False,c1,True
2025-05-04,2,充,11,14,3,False,c2,True
2025-05-04,3,放,16,22,6,False,c2,True
2025-05-05,0,充,0,24,7,False,c1,True
2025-05-05,1,放,6,8,2,False,c1,True
2025-05-05,2,充,11,14,3,False,c2,True
2025-05-05,3,放,16,22,6,False,c2,True
2025-05-06,0,充,0,24,7,False,c1,True
2025-05-06,1,放,6,8,2,False,c1,True
2025-05-06,2,充,11,14,3,False,c2,True
2025-05-06,3,放,16,22,6,False,c2,True
2025-05-07,0,充,0,24,7,False,c1,True
2025-05-07,1,放,6,8,2,False,c1,True
2025-05-07,2,充,11,14,3,False,c2,True
2025-05-07,3,放,16,22,6,False,c2,True
2025-05-08,0,充,0,24,7,False,c1,True
2025-05-08,1,放,6,8,2,False,c1,True
2025-05-08,2,充,11,14,3,False,c2,True
2025-05-08,3,放,16,22,6,False,c2,True
2025-05-09,0,充,0,24,7,False,c1,True
2025-05-09,1,放,6,8,2,False,c1,True
2025-05-09,2,充,11,14,3,False,c2,True
2025-05-09,3,放,16,22,6,False,c2,True
2025-05-10,0,充,0,24,7,False,c1,True
2025-05-10,1,放,6,8,2,False,c1,True
2025-05-10,2,充,11,14,3,False,c2,True
2025-05-10,3,放,16,22,6,False,c2,True
2025-05-11,0,充,0,24,7,False,c1,True
2025-05-11,1,放,6,8,2,False,c1,True
2025-05-11,2,充,11,14,3,False,c2,True
2025-05-11,3,放,16,22,6,False,c2,True
2025-05-12,0,充,0,24,7,False,c1,True
2025-05-12,1,放,6,8,2,False,c1,True
2025-05-12,2,充,11,14,3,False,c2,True
2025-05-12,3,放,16,22,6,False,c2,True
2025-05-13,0,充,0,24,7,False,c1,True
2025-05-13,1,放,6,8,2,False,c1,True
2025-05-13,2,充,11,14,3,False,c2,True
2025-05-13,3,放,16,22,6,False,c2,True
2025-05-14,0,充,0,24,7,False,c1,True
2025-05-14,1,放,6,8,2,False,c1,True
2025-05-14,2,充,11,14,3,False,c2,True
2025-05-14,3,放,16,22,6,False,c2,True
2025-05-15,0,充,0,24,7,False,c1,True
2025-05-15,1,放,6,8,2,False,c1,True
2025-05-15,2,充,11,14,3,False,c2,True
2025-05-15,3,放,16,22,6,False,c2,True
2025-05-16,0,充,0,24,7,False,c1,True
2025-05-16,1,放,6,8,2,False,c1,True
2025-05-16,2,充,11,14,3,False,c2,True
2025-05-16,3,放,16,22,6,False,c2,True
2025-05-17,0,充,0,24,7,False,c1,True
2025-05-17,1,放,6,8,2,False,c1,True
2025-05-17,2,充,11,14,3,False,c2,True
2025-05-17,3,放,16,22,6,False,c2,True
2025-05-18,0,充,0,24,7,False,c1,True
2025-05-18,1,放,6,8,2,False,c1,True
2025-05-18,2,充,11,14,3,False,c2,True
2025-05-18,3,放,16,22,6,False,c2,True
2025-05-19,0,充,0,24,7,False,c1,True
2025-05-19,1,放,6,8,2,False,c1,True
2025-05-19,2,充,11,14,3,False,c2,True
2025-05-19,3,放,16,22,6,False,c2,True
2025-05-20,0,充,0,24,7,False,c1,True
2025-05-20,1,放,6,8,2,False,c1,True
2025-05-20,2,充,11,14,3,False,c2,True
2025-05-20,3,放,16,22,6,False,c2,True
2025-05-21,0,充,0,24,7,False,c1,True
2025-05-21,1,放,6,8,2,False,c1,True
2025-05-21,2,充,11,14,3,False,c2,True
2025-05-21,3,放,16,22,6,False,c2,True
2025-05-22,0,充,0,24,7,False,c1,True
2025-05-22,1,放,6,8,2,False,c1,True
2025-05-22,2,充,11,14,3,False,c2,True
2025-05-22,3,放,16,22,6,False,c2,True
2025-05-23,0,充,0,24,7,False,c1,True
2025-05-23,1,放,6,8,2,False,c1,True
2025-05-23,2,充,11,14,3,False,c2,True
2025-05-23,3,放,16,22,6,False,c2,True
2025-05-24,0,充,0,24,7,False,c1,True
2025-05-24,1,放,6,8,2,False,c1,True
2025-05-24,2,充,11,14,3,False,c2,True
2025-05-24,3,放,16,22,6,False,c2,True
2025-05-25,0,充,0,24,7,False,c1,True
2025-05-25,1,放,6,8,2,False,c1,True
2025-05-25,2,充,11,14,3,False,c2,True
2025-05-25,3,放,16,22,6,False,c2,True
2025-05-26,0,充,0,24,7,False,c1,True
2025-05-26,1,放,6,8,2,False,c1,True
2025-05-26,2,充,11,14,3,False,c2,True
2025-05-26,3,放,16,22,6,False,c2,True
2025-05-27,0,充,0,24,7,False,c1,True
2025-05-27,1,放,6,8,2,False,c1,True
2025-05-27,2,充,11,14,3,False,c2,True
2025-05-27,3,放,16,22,6,False,c2,True
2025-05-28,0,充,0,24,7,False,c1,True
2025-05-28,1,放,6,8,2,False,c1,True
2025-05-28,2,充,11,14,3,False,c2,True
2025-05-28,3,放,16,22,6,False,c2,True
2025-05-29,0,充,0,24,7,False,c1,True
2025-05-29,1,放,6,8,2,False,c1,True
2025-05-29,2,充,11,14,3,False,c2,True
2025-05-29,3,放,16,22,6,False,c2,True
2025-05-30,0,充,0,24,7,False,c1,True
2025-05-30,1,放,6,8,2,False,c1,True
2025-05-30,2,充,11,14,3,False,c2,True
2025-05-30,3,放,16,22,6,False,c2,True
2025-05-31,0,充,0,24,7,False,c1,True
2025-05-31,1,放,6,8,2,False,c1,True
2025-05-31,2,充,11,14,3,False,c2,True
2025-05-31,3,放,16,22,6,False,c2,True
2025-06-01,0,充,0,24,7,False,c1,True
2025-06-01,1,放,6,8,2,False,c1,True
2025-06-01,2,充,11,14,3,False,c2,True
2025-06-01,3,放,16,22,6,False,c2,True
2025-06-02,0,充,0,24,7,False,c1,True
2025-06-02,1,放,6,8,2,False,c1,True
2025-06-02,2,充,11,14,3,False,c2,True
2025-06-02,3,放,16,22,6,False,c2,True
2025-06-03,0,充,0,24,7,False,c1,True
2025-06-03,1,放,6,8,2,False,c1,True
2025-06-03,2,充,11,14,3,False,c2,True
2025-06-03,3,放,16,22,6,False,c2,True
2025-06-04,0,充,0,24,7,False,c1,True
2025-06-04,1,放,6,8,2,False,c1,True
2025-06-04,2,充,11,14,3,False,c2,True
2025-06-04,3,放,16,22,6,False,c2,True
2025-06-05,0,充,0,24,7,False,c1,True
2025-06-05,1,放,6,8,2,False,c1,True
2025-06-05,2,充,11,14,3,False,c2,True
2025-06-05,3,放,16,22,6,False,c2,True
2025-06-06,0,充,0,24,7,False,c1,True
2025-06-06,1,放,6,8,2,False,c1,True
2025-06-06,2,充,11,14,3,False,c2,True
2025-06-06,3,放,16,22,6,False,c2,True
2025-06-07,0,充,0,24,7,False,c1,True
2025-06-07,1,放,6,8,2,False,c1,True
2025-06-07,2,充,11,14,3,False,c2,True
2025-06-07,3,放,16,22,6,False,c2,True
2025-06-08,0,充,0,24,7,False,c1,True
2025-06-08,1,放,6,8,2,False,c1,True
2025-06-08,2,充,11,14,3,False,c2,True
2025-06-08,3,放,16,22,6,False,c2,True
2025-06-09,0,充,0,24,7,False,c1,True
2025-06-09,1,放,6,8,2,False,c1,True
2025-06-09,2,充,11,14,3,False,c2,True
2025-06-09,3,放,16,22,6,False,c2,True
2025-06-10,0,充,0,24,7,False,c1,True
2025-06-10,1,放,6,8,2,False,c1,True
2025-06-10,2,充,11,14,3,False,c2,True
2025-06-10,3,放,16,22,6,False,c2,True
2025-06-11,0,充,0,24,7,False,c1,True
2025-06-11,1,放,6,8,2,False,c1,True
2025-06-11,2,充,11,14,3,False,c2,True
2025-06-11,3,放,16,22,6,False,c2,True
2025-06-12,0,充,0,24,7,False,c1,True
2025-06-12,1,放,6,8,2,False,c1,True
2025-06-12,2,充,11,14,3,False,c2,True
2025-06-12,3,放,16,22,6,False,c2,True
2025-06-13,0,充,0,24,7,False,c1,True
2025-06-13,1,放,6,8,2,False,c1,True
2025-06-13,2,充,11,14,3,False,c2,True
2025-06-13,3,放,16,22,6,False,c2,True
2025-06-14,0,充,0,24,7,False,c1,True
2025-06-14,1,放,6,8,2,False,c1,True
2025-06-14,2,充,11,14,3,False,c2,True
2025-06-14,3,放,16,22,6,False,c2,True
2025-06-15,0,充,0,24,7,False,c1,True
2025-06-15,1,放,6,8,2,False,c1,True
2025-06-15,2,充,11,14,3,False,c2,True
2025-06-15,3,放,16,22,6,False,c2,True
2025-06-16,0,充,0,24,7,False,c1,True
2025-06-16,1,放,6,8,2,False,c1,True
2025-06-16,2,充,11,14,3,False,c2,True
2025-06-16,3,放,16,22,6,False,c2,True
2025-06-17,0,充,0,24,7,False,c1,True
2025-06-17,1,放,6,8,2,False,c1,True
2025-06-17,2,充,11,14,3,False,c2,True
2025-06-17,3,放,16,22,6,False,c2,True
2025-06-18,0,充,0,24,7,False,c1,True
2025-06-18,1,放,6,8,2,False,c1,True
2025-06-18,2,充,11,14,3,False,c2,True
2025-06-18,3,放,16,22,6,False,c2,True
2025-06-19,0,充,0,24,7,False,c1,True
2025-06-19,1,放,6,8,2,False,c1,True
2025-06-19,2,充,11,14,3,False,c2,True
2025-06-19,3,放,16,22,6,False,c2,True
2025-06-20,0,充,0,24,7,False,c1,True
2025-06-20,1,放,6,8,2,False,c1,True
2025-06-20,2,充,11,14,3,False,c2,True
2025-06-20,3,放,16,22,6,False,c2,True
2025-06-21,0,充,0,24,7,False,c1,True
2025-06-21,1,放,6,8,2,False,c1,True
2025-06-21,2,充,11,14,3,False,c2,True
2025-06-21,3,放,16,22,6,False,c2,True
2025-06-22,0,充,0,24,7,False,c1,True
2025-06-22,1,放,6,8,2,False,c1,True
2025-06-22,2,充,11,14,3,False,c2,True
2025-06-22,3,放,16,22,6,False,c2,True
2025-06-23,0,充,0,24,7,False,c1,True
2025-06-23,1,放,6,8,2,False,c1,True
2025-06-23,2,充,11,14,3,False,c2,True
2025-06-23,3,放,16,22,6,False,c2,True
2025-06-24,0,充,0,24,7,False,c1,True
2025-06-24,1,放,6,8,2,False,c1,True
2025-06-24,2,充,11,14,3,False,c2,True
2025-06-24,3,放,16,22,6,False,c2,True
2025-06-25,0,充,0,24,7,False,c1,True
2025-06-25,1,放,6,8,2,False,c1,True
2025-06-25,2,充,11,14,3,False,c2,True
2025-06-25,3,放,16,22,6,False,c2,True
2025-06-26,0,充,0,24,7,False,c1,True
2025-06-26,1,放,6,8,2,False,c1,True
2025-06-26,2,充,11,14,3,False,c2,True
2025-06-26,3,放,16,22,6,False,c2,True
2025-06-27,0,充,0,24,7,False,c1,True
2025-06-27,1,放,6,8,2,False,c1,True
2025-06-27,2,充,11,14,3,False,c2,True
2025-06-27,3,放,16,22,6,False,c2,True
2025-06-28,0,充,0,24,7,False,c1,True
2025-06-28,1,放,6,8,2,False,c1,True
2025-06-28,2,充,11,14,3,False,c2,True
2025-06-28,3,放,16,22,6,False,c2,True
2025-06-29,0,充,0,24,7,False,c1,True
2025-06-29,1,放,6,8,2,False,c1,True
2025-06-29,2,充,11,14,3,False,c2,True
2025-06-29,3,放,16,22,6,False,c2,True
2025-06-30,0,充,0,24,7,False,c1,True
2025-06-30,1,放,6,8,2,False,c1,True
2025-06-30,2,充,11,14,3,False,c2,True
2025-06-30,3,放,16,22,6,False,c2,True
2025-07-01,0,充,2,9,7,False,c1,True
2025-07-01,1,放,9,11,2,False,c1,True
2025-07-01,2,充,11,13,2,False,c2,True
2025-07-01,3,放,16,24,8,False,c2,True
2025-07-02,0,充,2,9,7,False,c1,True
2025-07-02,1,放,9,11,2,False,c1,True
2025-07-02,2,充,11,13,2,False,c2,True
2025-07-02,3,放,16,24,8,False,c2,True
2025-07-03,0,充,2,9,7,False,c1,True
2025-07-03,1,放,9,11,2,False,c1,True
2025-07-03,2,充,11,13,2,False,c2,True
2025-07-03,3,放,16,24,8,False,c2,True
2025-07-04,0,充,2,9,7,False,c1,True
2025-07-04,1,放,9,11,2,False,c1,True
2025-07-04,2,充,11,13,2,False,c2,True
2025-07-04,3,放,16,24,8,False,c2,True
2025-07-05,0,充,2,9,7,False,c1,True
2025-07-05,1,放,9,11,2,False,c1,True
2025-07-05,2,充,11,13,2,False,c2,True
2025-07-05,3,放,16,24,8,False,c2,True
2025-07-06,0,充,2,9,7,False,c1,True
2025-07-06,1,放,9,11,2,False,c1,True
2025-07-06,2,充,11,13,2,False,c2,True
2025-07-06,3,放,16,24,8,False,c2,True
2025-07-07,0,充,2,9,7,False,c1,True
2025-07-07,1,放,9,11,2,False,c1,True
2025-07-07,2,充,11,13,2,False,c2,True
2025-07-07,3,放,16,24,8,False,c2,True
2025-07-08,0,充,2,9,7,False,c1,True
2025-07-08,1,放,9,11,2,False,c1,True
2025-07-08,2,充,11,13,2,False,c2,True
2025-07-08,3,放,16,24,8,False,c2,True
2025-07-09,0,充,2,9,7,False,c1,True
2025-07-09,1,放,9,11,2,False,c1,True
2025-07-09,2,充,11,13,2,False,c2,True
2025-07-09,3,放,16,24,8,False,c2,True
2025-07-10,0,充,2,9,7,False,c1,True
2025-07-10,1,放,9,11,2,False,c1,True
2025-07-10,2,充,11,13,2,False,c2,True
2025-07-10,3,放,16,24,8,False,c2,True
2025-07-11,0,充,2,9,7,False,c1,True
2025-07-11,1,放,9,11,2,False,c1,True
2025-07-11,2,充,11,13,2,False,c2,True
2025-07-11,3,放,16,24,8,False,c2,True
2025-07-12,0,充,2,9,7,False,c1,True
2025-07-12,1,放,9,11,2,False,c1,True
2025-07-12,2,充,11,13,2,False,c2,True
2025-07-12,3,放,16,24,8,False,c2,True
2025-07-13,0,充,2,9,7,False,c1,True
2025-07-13,1,放,9,11,2,False,c1,True
2025-07-13,2,充,11,13,2,False,c2,True
2025-07-13,3,放,16,24,8,False,c2,True
2025-07-14,0,充,2,9,7,False,c1,True
2025-07-14,1,放,9,11,2,False,c1,True
2025-07-14,2,充,11,13,2,False,c2,True
2025-07-14,3,放,16,24,8,False,c2,True
2025-07-15,0,充,2,9,7,False,c1,True
2025-07-15,1,放,9,11,2,False,c1,True
2025-07-15,2,充,11,13,2,False,c2,True
2025-07-15,3,放,16,24,8,False,c2,True
2025-07-16,0,充,2,9,7,False,c1,True
2025-07-16,1,放,9,11,2,False,c1,True
2025-07-16,2,充,11,13,2,False,c2,True
2025-07-16,3,放,16,24,8,False,c2,True
2025-07-17,0,充,2,9,7,False,c1,True
2025-07-17,1,放,9,11,2,False,c1,True
2025-07-17,2,充,11,13,2,False,c2,True
2025-07-17,3,放,16,24,8,False,c2,True
2025-07-18,0,充,2,9,7,False,c1,True
2025-07-18,1,放,9,11,2,False,c1,True
2025-07-18,2,充,11,13,2,False,c2,True
2025-07-18,3,放,16,24,8,False,c2,True
2025-07-19,0,充,2,9,7,False,c1,True
2025-07-19,1,放,9,11,2,False,c1,True
2025-07-19,2,充,11,13,2,False,c2,True
2025-07-19,3,放,16,24,8,False,c2,True
2025-07-20,0,充,2,9,7,False,c1,True
2025-07-20,1,放,9,11,2,False,c1,True
2025-07-20,2,充,11,13,2,False,c2,True
2025-07-20,3,放,16,24,8,False,c2,True
2025-07-21,0,充,2,9,7,False,c1,True
2025-07-21,1,放,9,11,2,False,c1,True
2025-07-21,2,充,11,13,2,False,c2,True
2025-07-21,3,放,16,24,8,False,c2,True
2025-07-22,0,充,2,9,7,False,c1,True
2025-07-22,1,放,9,11,2,False,c1,True
2025-07-22,2,充,11,13,2,False,c2,True
2025-07-22,3,放,16,24,8,False,c2,True
2025-07-23,0,充,2,9,7,False,c1,True
2025-07-23,1,放,9,11,2,False,c1,True
2025-07-23,2,充,11,13,2,False,c2,True
2025-07-23,3,放,16,24,8,False,c2,True
2025-07-24,0,充,2,9,7,False,c1,True
2025-07-24,1,放,9,11,2,False,c1,True
2025-07-24,2,充,11,13,2,False,c2,True
2025-07-24,3,放,16,24,8,False,c2,True
2025-07-25,0,充,2,9,7,False,c1,True
2025-07-25,1,放,9,11,2,False,c1,True
2025-07-25,2,充,11,13,2,False,c2,True
2025-07-25,3,放,16,24,8,False,c2,True
2025-07-26,0,充,2,9,7,False,c1,True
2025-07-26,1,放,9,11,2,False,c1,True
2025-07-26,2,充,11,13,2,False,c2,True
2025-07-26,3,放,16,24,8,False,c2,True
2025-07-27,0,充,2,9,7,False,c1,True
2025-07-27,1,放,9,11,2,False,c1,True
2025-07-27,2,充,11,13,2,False,c2,True
2025-07-27,3,放,16,24,8,False,c2,True
2025-07-28,0,充,2,9,7,False,c1,True
2025-07-28,1,放,9,11,2,False,c1,True
2025-07-28,2,充,11,13,2,False,c2,True
2025-07-28,3,放,16,24,8,False,c2,True
2025-07-29,0,充,2,9,7,False,c1,True
2025-07-29,1,放,9,11,2,False,c1,True
2025-07-29,2,充,11,13,2,False,c2,True
2025-07-29,3,放,16,24,8,False,c2,True
2025-07-30,0,充,2,9,7,False,c1,True
2025-07-30,1,放,9,11,2,False,c1,True
2025-07-30,2,充,11,13,2,False,c2,True
2025-07-30,3,放,16,24,8,False,c2,True
2025-07-31,0,充,2,9,7,False,c1,True
2025-07-31,1,放,9,11,2,False,c1,True
2025-07-31,2,充,11,13,2,False,c2,True
2025-07-31,3,放,16,24,8,False,c2,True
2025-08-01,0,充,2,9,7,False,c1,True
2025-08-01,1,放,9,11,2,False,c1,True
2025-08-01,2,充,11,13,2,False,c2,True
2025-08-01,3,放,16,24,8,False,c2,True
2025-08-02,0,充,2,9,7,False,c1,True
2025-08-02,1,放,9,11,2,False,c1,True
2025-08-02,2,充,11,13,2,False,c2,True
2025-08-02,3,放,16,24,8,False,c2,True
2025-08-03,0,充,2,9,7,False,c1,True
2025-08-03,1,放,9,11,2,False,c1,True
2025-08-03,2,充,11,13,2,False,c2,True
2025-08-03,3,放,16,24,8,False,c2,True
2025-08-04,0,充,2,9,7,False,c1,True
2025-08-04,1,放,9,11,2,False,c1,True
2025-08-04,2,充,11,13,2,False,c2,True
2025-08-04,3,放,16,24,8,False,c2,True
2025-08-05,0,充,2,9,7,False,c1,True
2025-08-05,1,放,9,11,2,False,c1,True
2025-08-05,2,充,11,13,2,False,c2,True
2025-08-05,3,放,16,24,8,False,c2,True
2025-08-06,0,充,2,9,7,False,c1,True
2025-08-06,1,放,9,11,2,False,c1,True
2025-08-06,2,充,11,13,2,False,c2,True
2025-08-06,3,放,16,24,8,False,c2,True
2025-08-07,0,充,2,9,7,False,c1,True
2025-08-07,1,放,9,11,2,False,c1,True
2025-08-07,2,充,11,13,2,False,c2,True
2025-08-07,3,放,16,24,8,False,c2,True
2025-08-08,0,充,2,9,7,False,c1,True
2025-08-08,1,放,9,11,2,False,c1,True
2025-08-08,2,充,11,13,2,False,c2,True
2025-08-08,3,放,16,24,8,False,c2,True
2025-08-09,0,充,2,9,7,False,c1,True
2025-08-09,1,放,9,11,2,False,c1,True
2025-08-09,2,充,11,13,2,False,c2,True
2025-08-09,3,放,16,24,8,False,c2,True
2025-08-10,0,充,2,9,7,False,c1,True
2025-08-10,1,放,9,11,2,False,c1,True
2025-08-10,2,充,11,13,2,False,c2,True
2025-08-10,3,放,16,24,8,False,c2,True
2025-08-11,0,充,2,9,7,False,c1,True
2025-08-11,1,放,9,11,2,False,c1,True
2025-08-11,2,充,11,13,2,False,c2,True
2025-08-11,3,放,16,24,8,False,c2,True
2025-08-12,0,充,2,9,7,False,c1,True
2025-08-12,1,放,9,11,2,False,c1,True
2025-08-12,2,充,11,13,2,False,c2,True
2025-08-12,3,放,16,24,8,False,c2,True
2025-08-13,0,充,2,9,7,False,c1,True
2025-08-13,1,放,9,11,2,False,c1,True
2025-08-13,2,充,11,13,2,False,c2,True
2025-08-13,3,放,16,24,8,False,c2,True
2025-08-14,0,充,2,9,7,False,c1,True
2025-08-14,1,放,9,11,2,False,c1,True
2025-08-14,2,充,11,13,2,False,c2,True
2025-08-14,3,放,16,24,8,False,c2,True
2025-08-15,0,充,2,9,7,False,c1,True
2025-08-15,1,放,9,11,2,False,c1,True
2025-08-15,2,充,11,13,2,False,c2,True
2025-08-15,3,放,16,24,8,False,c2,True
2025-08-16,0,充,2,9,7,False,c1,True
2025-08-16,1,放,9,11,2,False,c1,True
2025-08-16,2,充,11,13,2,False,c2,True
2025-08-16,3,放,16,24,8,False,c2,True
2025-08-17,0,充,2,9,7,False,c1,True
2025-08-17,1,放,9,11,2,False,c1,True
2025-08-17,2,充,11,13,2,False,c2,True
2025-08-17,3,放,16,24,8,False,c2,True
2025-08-18,0,充,2,9,7,False,c1,True
2025-08-18,1,放,9,11,2,False,c1,True
2025-08-18,2,充,11,13,2,False,c2,True
2025-08-18,3,放,16,24,8,False,c2,True
2025-08-19,0,充,2,9,7,False,c1,True
2025-08-19,1,放,9,11,2,False,c1,True
2025-08-19,2,充,11,13,2,False,c2,True
2025-08-19,3,放,16,24,8,False,c2,True
2025-08-20,0,充,2,9,7,False,c1,True
2025-08-20,1,放,9,11,2,False,c1,True
2025-08-20,2,充,11,13,2,False,c2,True
2025-08-20,3,放,16,24,8,False,c2,True
2025-08-21,0,充,2,9,7,False,c1,True
2025-08-21,1,放,9,11,2,False,c1,True
2025-08-21,2,充,11,13,2,False,c2,True
2025-08-21,3,放,16,24,8,False,c2,True
2025-08-22,0,充,2,9,7,False,c1,True
2025-08-22,1,放,9,11,2,False,c1,True
2025-08-22,2,充,11,13,2,False,c2,True
2025-08-22,3,放,16,24,8,False,c2,True
2025-08-23,0,充,2,9,7,False,c1,True
2025-08-23,1,放,9,11,2,False,c1,True
2025-08-23,2,充,11,13,2,False,c2,True
2025-08-23,3,放,16,24,8,False,c2,True
2025-08-24,0,充,2,9,7,False,c1,True
2025-08-24,1,放,9,11,2,False,c1,True
2025-08-24,2,充,11,13,2,False,c2,True
2025-08-24,3,放,16,24,8,False,c2,True
2025-08-25,0,充,2,9,7,False,c1,True
2025-08-25,1,放,9,11,2,False,c1,True
2025-08-25,2,充,11,13,2,False,c2,True
2025-08-25,3,放,16,24,8,False,c2,True
2025-08-26,0,充,2,9,7,False,c1,True
2025-08-26,1,放,9,11,2,False,c1,True
2025-08-26,2,充,11,13,2,False,c2,True
2025-08-26,3,放,16,24,8,False,c2,True
2025-08-27,0,充,2,9,7,False,c1,True
2025-08-27,1,放,9,11,2,False,c1,True
2025-08-27,2,充,11,13,2,False,c2,True
2025-08-27,3,放,16,24,8,False,c2,True
2025-08-28,0,充,2,9,7,False,c1,True
2025-08-28,1,放,9,11,2,False,c1,True
2025-08-28,2,充,11,13,2,False,c2,True
2025-08-28,3,放,16,24,8,False,c2,True
2025-08-29,0,充,2,9,7,False,c1,True
2025-08-29,1,放,9,11,2,False,c1,True
2025-08-29,2,充,11,13,2,False,c2,True
2025-08-29,3,放,16,24,8,False,c2,True
2025-08-30,0,充,2,9,7,False,c1,True
2025-08-30,1,放,9,11,2,False,c1,True
2025-08-30,2,充,11,13,2,False,c2,True
2025-08-30,3,放,16,24,8,False,c2,True
2025-08-31,0,充,2,9,7,False,c1,True
2025-08-31,1,放,9,11,2,False,c1,True
2025-08-31,2,充,11,13,2,False,c2,True
2025-08-31,3,放,16,24,8,False,c2,True
2025-09-01,0,充,2,9,7,False,c1,True
2025-09-01,1,放,9,11,2,False,c1,True
2025-09-01,2,充,11,13,2,False,c2,True
2025-09-01,3,放,16,24,8,False,c2,True
2025-09-02,0,充,2,9,7,False,c1,True
2025-09-02,1,放,9,11,2,False,c1,True
2025-09-02,2,充,11,13,2,False,c2,True
2025-09-02,3,放,16,24,8,False,c2,True
2025-09-03,0,充,2,9,7,False,c1,True
2025-09-03,1,放,9,11,2,False,c1,True
2025-09-03,2,充,11,13,2,False,c2,True
2025-09-03,3,放,16,24,8,False,c2,True
2025-09-04,0,充,2,9,7,False,c1,True
2025-09-04,1,放,9,11,2,False,c1,True
2025-09-04,2,充,11,13,2,False,c2,True
2025-09-04,3,放,16,24,8,False,c2,True
2025-09-05,0,充,2,9,7,False,c1,True
2025-09-05,1,放,9,11,2,False,c1,True
2025-09-05,2,充,11,13,2,False,c2,True
2025-09-05,3,放,16,24,8,False,c2,True
2025-09-06,0,充,2,9,7,False,c1,True
2025-09-06,1,放,9,11,2,False,c1,True
2025-09-06,2,充,11,13,2,False,c2,True
2025-09-06,3,放,16,24,8,False,c2,True
2025-09-07,0,充,2,9,7,False,c1,True
2025-09-07,1,放,9,11,2,False,c1,True
2025-09-07,2,充,11,13,2,False,c2,True
2025-09-07,3,放,16,24,8,False,c2,True
2025-09-08,0,充,2,9,7,False,c1,True
2025-09-08,1,放,9,11,2,False,c1,True
2025-09-08,2,充,11,13,2,False,c2,True
2025-09-08,3,放,16,24,8,False,c2,True
2025-09-09,0,充,2,9,7,False,c1,True
2025-09-09,1,放,9,11,2,False,c1,True
2025-09-09,2,充,11,13,2,False,c2,True
2025-09-09,3,放,16,24,8,False,c2,True
2025-09-10,0,充,2,9,7,False,c1,True
2025-09-10,1,放,9,11,2,False,c1,True
2025-09-10,2,充,11,13,2,False,c2,True
2025-09-10,3,放,16,24,8,False,c2,True
2025-09-11,0,充,2,9,7,False,c1,True
2025-09-11,1,放,9,11,2,False,c1,True
2025-09-11,2,充,11,13,2,False,c2,True
2025-09-11,3,放,16,24,8,False,c2,True
2025-09-12,0,充,2,9,7,False,c1,True
2025-09-12,1,放,9,11,2,False,c1,True
2025-09-12,2,充,11,13,2,False,c2,True
2025-09-12,3,放,16,24,8,False,c2,True
2025-09-13,0,充,2,9,7,False,c1,True
2025-09-13,1,放,9,11,2,False,c1,True
2025-09-13,2,充,11,13,2,False,c2,True
2025-09-13,3,放,16,24,8,False,c2,True
2025-09-14,0,充,2,9,7,False,c1,True
2025-09-14,1,放,9,11,2,False,c1,True
2025-09-14,2,充,11,13,2,False,c2,True
2025-09-14,3,放,16,24,8,False,c2,True
2025-09-15,0,充,2,9,7,False,c1,True
2025-09-15,1,放,9,11,2,False,c1,True
2025-09-15,2,充,11,13,2,False,c2,True
2025-09-15,3,放,16,24,8,False,c2,True
2025-09-16,0,充,2,9,7,False,c1,True
2025-09-16,1,放,9,11,2,False,c1,True
2025-09-16,2,充,11,13,2,False,c2,True
2025-09-16,3,放,16,24,8,False,c2,True
2025-09-17,0,充,2,9,7,False,c1,True
2025-09-17,1,放,9,11,2,False,c1,True
2025-09-17,2,充,11,13,2,False,c2,True
2025-09-17,3,放,16,24,8,False,c2,True
2025-09-18,0,充,2,9,7,False,c1,True
2025-09-18,1,放,9,11,2,False,c1,True
2025-09-18,2,充,11,13,2,False,c2,True
2025-09-18,3,放,16,24,8,False,c2,True
2025-09-19,0,充,2,9,7,False,c1,True
2025-09-19,1,放,9,11,2,False,c1,True
2025-09-19,2,充,11,13,2,False,c2,True
2025-09-19,3,放,16,24,8,False,c2,True
2025-09-20,0,充,2,9,7,False,c1,True
2025-09-20,1,放,9,11,2,False,c1,True
2025-09-20,2,充,11,13,2,False,c2,True
2025-09-20,3,放,16,24,8,False,c2,True
2025-09-21,0,充,2,9,7,False,c1,True
2025-09-21,1,放,9,11,2,False,c1,True
2025-09-21,2,充,11,13,2,False,c2,True
2025-09-21,3,放,16,24,8,False,c2,True
2025-09-22,0,充,2,9,7,False,c1,True
2025-09-22,1,放,9,11,2,False,c1,True
2025-09-22,2,充,11,13,2,False,c2,True
2025-09-22,3,放,16,24,8,False,c2,True
2025-09-23,0,充,2,9,7,False,c1,True
2025-09-23,1,放,9,11,2,False,c1,True
2025-09-23,2,充,11,13,2,False,c2,True
2025-09-23,3,放,16,24,8,False,c2,True
2025-09-24,0,充,2,9,7,False,c1,True
2025-09-24,1,放,9,11,2,False,c1,True
2025-09-24,2,充,11,13,2,False,c2,True
2025-09-24,3,放,16,24,8,False,c2,True
2025-09-25,0,充,2,9,7,False,c1,True
2025-09-25,1,放,9,11,2,False,c1,True
2025-09-25,2,充,11,13,2,False,c2,True
2025-09-25,3,放,16,24,8,False,c2,True
2025-09-26,0,充,2,9,7,False,c1,True
2025-09-26,1,放,9,11,2,False,c1,True
2025-09-26,2,充,11,13,2,False,c2,True
2025-09-26,3,放,16,24,8,False,c2,True
2025-09-27,0,充,2,9,7,False,c1,True
2025-09-27,1,放,9,11,2,False,c1,True
2025-09-27,2,充,11,13,2,False,c2,True
2025-09-27,3,放,16,24,8,False,c2,True
2025-09-28,0,充,2,9,7,False,c1,True
2025-09-28,1,放,9,11,2,False,c1,True
2025-09-28,2,充,11,13,2,False,c2,True
2025-09-28,3,放,16,24,8,False,c2,True
2025-09-29,0,充,2,9,7,False,c1,True
2025-09-29,1,放,9,11,2,False,c1,True
2025-09-29,2,充,11,13,2,False,c2,True
2025-09-29,3,放,16,24,8,False,c2,True
2025-09-30,0,充,2,9,7,False,c1,True
2025-09-30,1,放,9,11,2,False,c1,True
2025-09-30,2,充,11,13,2,False,c2,True
2025-09-30,3,放,16,24,8,False,c2,True
2025-10-01,0,充,0,24,7,False,c1,True
2025-10-01,1,放,6,8,2,False,c1,True
2025-10-01,2,充,11,14,3,False,c2,True
2025-10-01,3,放,16,22,6,False,c2,True
2025-10-02,0,充,0,24,7,False,c1,True
2025-10-02,1,放,6,8,2,False,c1,True
2025-10-02,2,充,11,14,3,False,c2,True
2025-10-02,3,放,16,22,6,False,c2,True
2025-10-03,0,充,0,24,7,False,c1,True
2025-10-03,1,放,6,8,2,False,c1,True
2025-10-03,2,充,11,14,3,False,c2,True
2025-10-03,3,放,16,22,6,False,c2,True
2025-10-04,0,充,0,24,7,False,c1,True
2025-10-04,1,放,6,8,2,False,c1,True
2025-10-04,2,充,11,14,3,False,c2,True
2025-10-04,3,放,16,22,6,False,c2,True
2025-10-05,0,充,0,24,7,False,c1,True
2025-10-05,1,放,6,8,2,False,c1,True
2025-10-05,2,充,11,14,3,False,c2,True
2025-10-05,3,放,16,22,6,False,c2,True
2025-10-06,0,充,0,24,7,False,c1,True
2025-10-06,1,放,6,8,2,False,c1,True
2025-10-06,2,充,11,14,3,False,c2,True
2025-10-06,3,放,16,22,6,False,c2,True
2025-10-07,0,充,0,24,7,False,c1,True
2025-10-07,1,放,6,8,2,False,c1,True
2025-10-07,2,充,11,14,3,False,c2,True
2025-10-07,3,放,16,22,6,False,c2,True
2025-10-08,0,充,0,24,7,False,c1,True
2025-10-08,1,放,6,8,2,False,c1,True
2025-10-08,2,充,11,14,3,False,c2,True
2025-10-08,3,放,16,22,6,False,c2,True
2025-10-09,0,充,0,24,7,False,c1,True
2025-10-09,1,放,6,8,2,False,c1,True
2025-10-09,2,充,11,14,3,False,c2,True
2025-10-09,3,放,16,22,6,False,c2,True
2025-10-10,0,充,0,24,7,False,c1,True
2025-10-10,1,放,6,8,2,False,c1,True
2025-10-10,2,充,11,14,3,False,c2,True
2025-10-10,3,放,16,22,6,False,c2,True
2025-10-11,0,充,0,24,7,False,c1,True
2025-10-11,1,放,6,8,2,False,c1,True
2025-10-11,2,充,11,14,3,False,c2,True
2025-10-11,3,放,16,22,6,False,c2,True
2025-10-12,0,充,0,24,7,False,c1,True
2025-10-12,1,放,6,8,2,False,c1,True
2025-10-12,2,充,11,14,3,False,c2,True
2025-10-12,3,放,16,22,6,False,c2,True
2025-10-13,0,充,0,24,7,False,c1,True
2025-10-13,1,放,6,8,2,False,c1,True
2025-10-13,2,充,11,14,3,False,c2,True
2025-10-13,3,放,16,22,6,False,c2,True
2025-10-14,0,充,0,24,7,False,c1,True
2025-10-14,1,放,6,8,2,False,c1,True
2025-10-14,2,充,11,14,3,False,c2,True
2025-10-14,3,放,16,22,6,False,c2,True
2025-10-15,0,充,0,24,7,False,c1,True
2025-10-15,1,放,6,8,2,False,c1,True
2025-10-15,2,充,11,14,3,False,c2,True
2025-10-15,3,放,16,22,6,False,c2,True
2025-10-16,0,充,0,24,7,False,c1,True
2025-10-16,1,放,6,8,2,False,c1,True
2025-10-16,2,充,11,14,3,False,c2,True
2025-10-16,3,放,16,22,6,False,c2,True
2025-10-17,0,充,0,24,7,False,c1,True
2025-10-17,1,放,6,8,2,False,c1,True
2025-10-17,2,充,11,14,3,False,c2,True
2025-10-17,3,放,16,22,6,False,c2,True
2025-10-18,0,充,0,24,7,False,c1,True
2025-10-18,1,放,6,8,2,False,c1,True
2025-10-18,2,充,11,14,3,False,c2,True
2025-10-18,3,放,16,22,6,False,c2,True
2025-10-19,0,充,0,24,7,False,c1,True
2025-10-19,1,放,6,8,2,False,c1,True
2025-10-19,2,充,11,14,3,False,c2,True
2025-10-19,3,放,16,22,6,False,c2,True
2025-10-20,0,充,0,24,7,False,c1,True
2025-10-20,1,放,6,8,2,False,c1,True
2025-10-20,2,充,11,14,3,False,c2,True
2025-10-20,3,放,16,22,6,False,c2,True
2025-10-21,0,充,0,24,7,False,c1,True
2025-10-21,1,放,6,8,2,False,c1,True
2025-10-21,2,充,11,14,3,False,c2,True
2025-10-21,3,放,16,22,6,False,c2,True
2025-10-22,0,充,0,24,7,False,c1,True
2025-10-22,1,放,6,8,2,False,c1,True
2025-10-22,2,充,11,14,3,False,c2,True
2025-10-22,3,放,16,22,6,False,c2,True
2025-10-23,0,充,0,24,7,False,c1,True
2025-10-23,1,放,6,8,2,False,c1,True
2025-10-23,2,充,11,14,3,False,c2,True
2025-10-23,3,放,16,22,6,False,c2,True
2025-10-24,0,充,0,24,7,False,c1,True
2025-10-24,1,放,6,8,2,False,c1,True
2025-10-24,2,充,11,14,3,False,c2,True
2025-10-24,3,放,16,22,6,False,c2,True
2025-10-25,0,充,0,24,7,False,c1,True
2025-10-25,1,放,6,8,2,False,c1,True
2025-10-25,2,充,11,14,3,False,c2,True
2025-10-25,3,放,16,22,6,False,c2,True
2025-10-26,0,充,0,24,7,False,c1,True
2025-10-26,1,放,6,8,2,False,c1,True
2025-10-26,2,充,11,14,3,False,c2,True
2025-10-26,3,放,16,22,6,False,c2,True
2025-10-27,0,充,0,24,7,False,c1,True
2025-10-27,1,放,6,8,2,False,c1,True
2025-10-27,2,充,11,14,3,False,c2,True
2025-10-27,3,放,16,22,6,False,c2,True
2025-10-28,0,充,0,24,7,False,c1,True
2025-10-28,1,放,6,8,2,False,c1,True
2025-10-28,2,充,11,14,3,False,c2,True
2025-10-28,3,放,16,22,6,False,c2,True
2025-10-29,0,充,0,24,7,False,c1,True
2025-10-29,1,放,6,8,2,False,c1,True
2025-10-29,2,充,11,14,3,False,c2,True
2025-10-29,3,放,16,22,6,False,c2,True
2025-10-30,0,充,0,24,7,False,c1,True
2025-10-30,1,放,6,8,2,False,c1,True
2025-10-30,2,充,11,14,3,False,c2,True
2025-10-30,3,放,16,22,6,False,c2,True
2025-10-31,0,充,0,24,7,False,c1,True
2025-10-31,1,放,6,8,2,False,c1,True
2025-10-31,2,充,11,14,3,False,c2,True
2025-10-31,3,放,16,22,6,False,c2,True
2025-11-01,0,充,0,24,7,False,c1,True
2025-11-01,1,放,6,8,2,False,c1,True
2025-11-01,2,充,11,14,3,False,c2,True
2025-11-01,3,放,16,22,6,False,c2,True
2025-11-02,0,充,0,24,7,False,c1,True
2025-11-02,1,放,6,8,2,False,c1,True
2025-11-02,2,充,11,14,3,False,c2,True
2025-11-02,3,放,16,22,6,False,c2,True
2025-11-03,0,充,0,24,7,False,c1,True
2025-11-03,1,放,6,8,2,False,c1,True
2025-11-03,2,充,11,14,3,False,c2,True
2025-11-03,3,放,16,22,6,False,c2,True
2025-11-04,0,充,0,24,7,False,c1,True
2025-11-04,1,放,6,8,2,False,c1,True
2025-11-04,2,充,11,14,3,False,c2,True
2025-11-04,3,放,16,22,6,False,c2,True
2025-11-05,0,充,0,24,7,False,c1,True
2025-11-05,1,放,6,8,2,False,c1,True
2025-11-05,2,充,11,14,3,False,c2,True
2025-11-05,3,放,16,22,6,False,c2,True
2025-11-06,0,充,0,24,7,False,c1,True
2025-11-06,1,放,6,8,2,False,c1,True
2025-11-06,2,充,11,14,3,False,c2,True
2025-11-06,3,放,16,22,6,False,c2,True
2025-11-07,0,充,0,24,7,False,c1,True
2025-11-07,1,放,6,8,2,False,c1,True
2025-11-07,2,充,11,14,3,False,c2,True
2025-11-07,3,放,16,22,6,False,c2,True
2025-11-08,0,充,0,24,7,False,c1,True
2025-11-08,1,放,6,8,2,False,c1,True
2025-11-08,2,充,11,14,3,False,c2,True
2025-11-08,3,放,16,22,6,False,c2,True
2025-11-09,0,充,0,24,7,False,c1,True
2025-11-09,1,放,6,8,2,False,c1,True
2025-11-09,2,充,11,14,3,False,c2,True
2025-11-09,3,放,16,22,6,False,c2,True
2025-11-10,0,充,0,24,7,False,c1,True
2025-11-10,1,放,6,8,2,False,c1,True
2025-11-10,2,充,11,14,3,False,c2,True
2025-11-10,3,放,16,22,6,False,c2,True
2025-11-11,0,充,0,24,7,False,c1,True
2025-11-11,1,放,6,8,2,False,c1,True
2025-11-11,2,充,11,14,3,False,c2,True
2025-11-11,3,放,16,22,6,False,c2,True
2025-11-12,0,充,0,24,7,False,c1,True
2025-11-12,1,放,6,8,2,False,c1,True
2025-11-12,2,充,11,14,3,False,c2,True
2025-11-12,3,放,16,22,6,False,c2,True
2025-11-13,0,充,0,24,7,False,c1,True
2025-11-13,1,放,6,8,2,False,c1,True
2025-11-13,2,充,11,14,3,False,c2,True
2025-11-13,3,放,16,22,6,False,c2,True
2025-11-14,0,充,0,24,7,False,c1,True
2025-11-14,1,放,6,8,2,False,c1,True
2025-11-14,2,充,11,14,3,False,c2,True
2025-11-14,3,放,16,22,6,False,c2,True
2025-11-15,0,充,0,24,7,False,c1,True
2025-11-15,1,放,6,8,2,False,c1,True
2025-11-15,2,充,11,14,3,False,c2,True
2025-11-15,3,放,16,22,6,False,c2,True
2025-11-16,0,充,0,24,7,False,c1,True
2025-11-16,1,放,6,8,2,False,c1,True
2025-11-16,2,充,11,14,3,False,c2,True
2025-11-16,3,放,16,22,6,False,c2,True
2025-11-17,0,充,0,24,7,False,c1,True
2025-11-17,1,放,6,8,2,False,c1,True
2025-11-17,2,充,11,14,3,False,c2,True
2025-11-17,3,放,16,22,6,False,c2,True
2025-11-18,0,充,0,24,7,False,c1,True
2025-11-18,1,放,6,8,2,False,c1,True
2025-11-18,2,充,11,14,3,False,c2,True
2025-11-18,3,放,16,22,6,False,c2,True
2025-11-19,0,充,0,24,7,False,c1,True
2025-11-19,1,放,6,8,2,False,c1,True
2025-11-19,2,充,11,14,3,False,c2,True
2025-11-19,3,放,16,22,6,False,c2,True
2025-11-20,0,充,0,24,7,False,c1,True
2025-11-20,1,放,6,8,2,False,c1,True
2025-11-20,2,充,11,14,3,False,c2,True
2025-11-20,3,放,16,22,6,False,c2,True
2025-11-21,0,充,0,24,7,False,c1,True
2025-11-21,1,放,6,8,2,False,c1,True
2025-11-21,2,充,11,14,3,False,c2,True
2025-11-21,3,放,16,22,6,False,c2,True
2025-11-22,0,充,0,24,7,False,c1,True
2025-11-22,1,放,6,8,2,False,c1,True
2025-11-22,2,充,11,14,3,False,c2,True
2025-11-22,3,放,16,22,6,False,c2,True
2025-11-23,0,充,0,24,7,False,c1,True
2025-11-23,1,放,6,8,2,False,c1,True
2025-11-23,2,充,11,14,3,False,c2,True
2025-11-23,3,放,16,22,6,False,c2,True
2025-11-24,0,充,0,24,7,False,c1,True
2025-11-24,1,放,6,8,2,False,c1,True
2025-11-24,2,充,11,14,3,False,c2,True
2025-11-24,3,放,16,22,6,False,c2,True
2025-11-25,0,充,0,24,7,False,c1,True
2025-11-25,1,放,6,8,2,False,c1,True
2025-11-25,2,充,11,14,3,False,c2,True
2025-11-25,3,放,16,22,6,False,c2,True
2025-11-26,0,充,0,24,7,False,c1,True
2025-11-26,1,放,6,8,2,False,c1,True
2025-11-26,2,充,11,14,3,False,c2,True
2025-11-26,3,放,16,22,6,False,c2,True
2025-11-27,0,充,0,24,7,False,c1,True
2025-11-27,1,放,6,8,2,False,c1,True
2025-11-27,2,充,11,14,3,False,c2,True
2025-11-27,3,放,16,22,6,False,c2,True
2025-11-28,0,充,0,24,7,False,c1,True
2025-11-28,1,放,6,8,2,False,c1,True
2025-11-28,2,充,11,14,3,False,c2,True
2025-11-28,3,放,16,22,6,False,c2,True
2025-11-29,0,充,0,24,7,False,c1,True
2025-11-29,1,放,6,8,2,False,c1,True
2025-11-29,2,充,11,14,3,False,c2,True
2025-11-29,3,放,16,22,6,False,c2,True
2025-11-30,0,充,0,24,7,False,c1,True
2025-11-30,1,放,6,8,2,False,c1,True
2025-11-30,2,充,11,14,3,False,c2,True
2025-11-30,3,放,16,22,6,False,c2,True
2025-12-01,0,充,0,24,7,False,c1,True
2025-12-01,1,放,6,12,6,False,c1,True
2025-12-01,2,充,12,14,2,False,c2,True
2025-12-01,3,放,15,23,8,False,c2,True
2025-12-02,0,充,0,24,7,False,c1,True
2025-12-02,1,放,6,12,6,False,c1,True
2025-12-02,2,充,12,14,2,False,c2,True
2025-12-02,3,放,15,23,8,False,c2,True
2025-12-03,0,充,0,24,7,False,c1,True
2025-12-03,1,放,6,12,6,False,c1,True
2025-12-03,2,充,12,14,2,False,c2,True
2025-12-03,3,放,15,23,8,False,c2,True
2025-12-04,0,充,0,24,7,False,c1,True
2025-12-04,1,放,6,12,6,False,c1,True
2025-12-04,2,充,12,14,2,False,c2,True
2025-12-04,3,放,15,23,8,False,c2,True
2025-12-05,0,充,0,24,7,False,c1,True
2025-12-05,1,放,6,12,6,False,c1,True
2025-12-05,2,充,12,14,2,False,c2,True
2025-12-05,3,放,15,23,8,False,c2,True
2025-12-06,0,充,0,24,7,False,c1,True
2025-12-06,1,放,6,12,6,False,c1,True
2025-12-06,2,充,12,14,2,False,c2,True
2025-12-06,3,放,15,23,8,False,c2,True
2025-12-07,0,充,0,24,7,False,c1,True
2025-12-07,1,放,6,12,6,False,c1,True
2025-12-07,2,充,12,14,2,False,c2,True
2025-12-07,3,放,15,23,8,False,c2,True
2025-12-08,0,充,0,24,7,False,c1,True
2025-12-08,1,放,6,12,6,False,c1,True
2025-12-08,2,充,12,14,2,False,c2,True
2025-12-08,3,放,15,23,8,False,c2,True
2025-12-09,0,充,0,24,7,False,c1,True
2025-12-09,1,放,6,12,6,False,c1,True
2025-12-09,2,充,12,14,2,False,c2,True
2025-12-09,3,放,15,23,8,False,c2,True
2025-12-10,0,充,0,24,7,False,c1,True
2025-12-10,1,放,6,12,6,False,c1,True
2025-12-10,2,充,12,14,2,False,c2,True
2025-12-10,3,放,15,23,8,False,c2,True
2025-12-11,0,充,0,24,7,False,c1,True
2025-12-11,1,放,6,12,6,False,c1,True
2025-12-11,2,充,12,14,2,False,c2,True
2025-12-11,3,放,15,23,8,False,c2,True
2025-12-12,0,充,0,24,7,False,c1,True
2025-12-12,1,放,6,12,6,False,c1,True
2025-12-12,2,充,12,14,2,False,c2,True
2025-12-12,3,放,15,23,8,False,c2,True
2025-12-13,0,充,0,24,7,False,c1,True
2025-12-13,1,放,6,12,6,False,c1,True
2025-12-13,2,充,12,14,2,False,c2,True
2025-12-13,3,放,15,23,8,False,c2,True
2025-12-14,0,充,0,24,7,False,c1,True
2025-12-14,1,放,6,12,6,False,c1,True
2025-12-14,2,充,12,14,2,False,c2,True
2025-12-14,3,放,15,23,8,False,c2,True
2025-12-15,0,充,0,24,7,False,c1,True
2025-12-15,1,放,6,12,6,False,c1,True
2025-12-15,2,充,12,14,2,False,c2,True
2025-12-15,3,放,15,23,8,False,c2,True
2025-12-16,0,充,0,24,7,False,c1,True
2025-12-16,1,放,6,12,6,False,c1,True
2025-12-16,2,充,12,14,2,False,c2,True
2025-12-16,3,放,15,23,8,False,c2,True
2025-12-17,0,充,0,24,7,False,c1,True
2025-12-17,1,放,6,12,6,False,c1,True
2025-12-17,2,充,12,14,2,False,c2,True
2025-12-17,3,放,15,23,8,False,c2,True
2025-12-18,0,充,0,24,7,False,c1,True
2025-12-18,1,放,6,12,6,False,c1,True
2025-12-18,2,充,12,14,2,False,c2,True
2025-12-18,3,放,15,23,8,False,c2,True
2025-12-19,0,充,0,24,7,False,c1,True
2025-12-19,1,放,6,12,6,False,c1,True
2025-12-19,2,充,12,14,2,False,c2,True
2025-12-19,3,放,15,23,8,False,c2,True
2025-12-20,0,充,0,24,7,False,c1,True
2025-12-20,1,放,6,12,6,False,c1,True
2025-12-20,2,充,12,14,2,False,c2,True
2025-12-20,3,放,15,23,8,False,c2,True
2025-12-21,0,充,0,24,7,False,c1,True
2025-12-21,1,放,6,12,6,False,c1,True
2025-12-21,2,充,12,14,2,False,c2,True
2025-12-21,3,放,15,23,8,False,c2,True
2025-12-22,0,充,0,24,7,False,c1,True
2025-12-22,1,放,6,12,6,False,c1,True
2025-12-22,2,充,12,14,2,False,c2,True
2025-12-22,3,放,15,23,8,False,c2,True
2025-12-23,0,充,0,24,7,False,c1,True
2025-12-23,1,放,6,12,6,False,c1,True
2025-12-23,2,充,12,14,2,False,c2,True
2025-12-23,3,放,15,23,8,False,c2,True
2025-12-24,0,充,0,24,7,False,c1,True
2025-12-24,1,放,6,12,6,False,c1,True
2025-12-24,2,充,12,14,2,False,c2,True
2025-12-24,3,放,15,23,8,False,c2,True
